https://services.vimuro.cloud/image/api/v1.0/systems/3e4dd7c5-cf37-4341-9291-31f49ed3ec04/collections/0f87bba4-83b8-428f-be6e-1cd6afa595dd/images/2f01fb97-abe7-4fc5-a7a2-931a611dbfc0.jpg;public/placeholder-covers/13;d3d1b695-ad80-4c03-bcfb-bc60234d7c1e
https://services.vimuro.cloud/image/api/v1.0/systems/3e4dd7c5-cf37-4341-9291-31f49ed3ec04/collections/0f87bba4-83b8-428f-be6e-1cd6afa595dd/images/08189217-4fe2-4624-bc3f-372ba1014f7e.jpg;public/placeholder-covers/12;bd16f936-3698-447f-a95e-5c6883de8656
https://services.vimuro.cloud/image/api/v1.0/systems/3e4dd7c5-cf37-4341-9291-31f49ed3ec04/collections/0f87bba4-83b8-428f-be6e-1cd6afa595dd/images/30d29b19-47c1-4afe-8397-f9200fc0133f.jpg;public/placeholder-covers/27;b8993a54-5db8-4025-a42c-4fcad5eaeb3f
https://services.vimuro.cloud/image/api/v1.0/systems/3e4dd7c5-cf37-4341-9291-31f49ed3ec04/collections/0f87bba4-83b8-428f-be6e-1cd6afa595dd/images/f22f30da-b5ff-4ed4-9d22-6a21ca6e2c16.jpg;public/placeholder-covers/14;a4d3f75d-29d0-498c-9a0e-b193020e478c
https://services.vimuro.cloud/image/api/v1.0/systems/3e4dd7c5-cf37-4341-9291-31f49ed3ec04/collections/0f87bba4-83b8-428f-be6e-1cd6afa595dd/images/889654df-6217-4b01-bb3b-692d88fae4f3.jpg;public/placeholder-covers/30;8d2582d5-16c1-46aa-8eed-d502787d117b
https://services.vimuro.cloud/image/api/v1.0/systems/3e4dd7c5-cf37-4341-9291-31f49ed3ec04/collections/0f87bba4-83b8-428f-be6e-1cd6afa595dd/images/5bb8566a-7db1-40b3-8f68-3254e7108b23.jpg;public/placeholder-covers/20;e4ab0482-d4b9-4f44-a6dd-a1a6cac72dae
https://services.vimuro.cloud/image/api/v1.0/systems/3e4dd7c5-cf37-4341-9291-31f49ed3ec04/collections/0f87bba4-83b8-428f-be6e-1cd6afa595dd/images/1cf582fb-7ffc-4b57-a5f4-e41aa58ca6c5.jpg;public/placeholder-covers/25;c2bcbfd3-d476-487b-afda-e79879d6d706
https://services.vimuro.cloud/image/api/v1.0/systems/3e4dd7c5-cf37-4341-9291-31f49ed3ec04/collections/0f87bba4-83b8-428f-be6e-1cd6afa595dd/images/25ecc939-90d7-4d1d-a293-61feda35821b.jpg;public/placeholder-covers/17;84f5561f-9e7d-4370-85ab-4700af3b9c18
https://services.vimuro.cloud/image/api/v1.0/systems/3e4dd7c5-cf37-4341-9291-31f49ed3ec04/collections/0f87bba4-83b8-428f-be6e-1cd6afa595dd/images/2f355b40-7ec5-4bfc-a3b8-1f33757097d7.jpg;public/placeholder-covers/15;9203e43f-9157-4f85-a4bb-5027df138791
https://services.vimuro.cloud/image/api/v1.0/systems/3e4dd7c5-cf37-4341-9291-31f49ed3ec04/collections/0f87bba4-83b8-428f-be6e-1cd6afa595dd/images/903edf3a-a80c-4d15-93c7-95daa1960cbd.jpg;public/placeholder-covers/19;85342cad-5e3a-408b-bc8f-4949f69a550b
https://services.vimuro.cloud/image/api/v1.0/systems/3e4dd7c5-cf37-4341-9291-31f49ed3ec04/collections/0f87bba4-83b8-428f-be6e-1cd6afa595dd/images/ab29df70-f9c5-4e16-8273-519186cfb0fc.jpg;public/placeholder-covers/18;dc85487a-befa-46c8-88f7-63161ec965c4
https://services.vimuro.cloud/image/api/v1.0/systems/3e4dd7c5-cf37-4341-9291-31f49ed3ec04/collections/0f87bba4-83b8-428f-be6e-1cd6afa595dd/images/eaed4245-b2d1-4272-b416-b304f9dea65b.jpg;public/placeholder-covers/21;bf6f08d5-f14a-430e-84f1-15746c8b6969
https://services.vimuro.cloud/image/api/v1.0/systems/3e4dd7c5-cf37-4341-9291-31f49ed3ec04/collections/0f87bba4-83b8-428f-be6e-1cd6afa595dd/images/34bd01e2-26da-48e7-bc9a-03d4150de4a7.jpg;public/placeholder-covers/24;7500592f-2aef-4d40-a583-b3308fc287bd
https://services.vimuro.cloud/image/api/v1.0/systems/3e4dd7c5-cf37-4341-9291-31f49ed3ec04/collections/0f87bba4-83b8-428f-be6e-1cd6afa595dd/images/a7107f4d-0a08-49ae-9d66-62e910969bdb.jpg;public/placeholder-covers/26;63760c0d-be94-43db-b4ce-44f1b99f0cbf
https://services.vimuro.cloud/image/api/v1.0/systems/3e4dd7c5-cf37-4341-9291-31f49ed3ec04/collections/0f87bba4-83b8-428f-be6e-1cd6afa595dd/images/b819108e-dfbf-4484-b86e-7175882ef131.jpg;public/placeholder-covers/29;79e0a722-b4c2-41a6-9c32-d104a5f3d83f
https://services.vimuro.cloud/image/api/v1.0/systems/3e4dd7c5-cf37-4341-9291-31f49ed3ec04/collections/0f87bba4-83b8-428f-be6e-1cd6afa595dd/images/5cf32b9d-1685-45e9-9199-449dd105eb2c.jpg;public/placeholder-covers/28;ef02b246-8eb5-4653-bf3b-1714263fa0e8
https://services.vimuro.cloud/image/api/v1.0/systems/3e4dd7c5-cf37-4341-9291-31f49ed3ec04/collections/0f87bba4-83b8-428f-be6e-1cd6afa595dd/images/e2ca801e-765b-487f-9c7c-fcd795aa9127.jpg;public/placeholder-covers/23;62a20554-d640-42bf-a8e9-894d5a5801a8
https://services.vimuro.cloud/image/api/v1.0/systems/3e4dd7c5-cf37-4341-9291-31f49ed3ec04/collections/0f87bba4-83b8-428f-be6e-1cd6afa595dd/images/87827a9d-abe4-405a-b408-f616bbf6c412.jpg;public/placeholder-covers/22;c37aa456-8bd0-49c0-8640-8e9ff349390e
https://services.vimuro.cloud/image/api/v1.0/systems/3e4dd7c5-cf37-4341-9291-31f49ed3ec04/collections/0f87bba4-83b8-428f-be6e-1cd6afa595dd/images/4f3b96e0-046c-45a0-941a-58237ae9a78f.jpg;public/placeholder-covers/16;0092afa0-e8bc-4494-a35b-c5464bf2c68c
https://services.vimuro.cloud/image/api/v1.0/systems/3e4dd7c5-cf37-4341-9291-31f49ed3ec04/collections/0f87bba4-83b8-428f-be6e-1cd6afa595dd/images/d5407b98-f1b8-498c-9025-d10850937871.jpg;public/placeholder-covers/11;f6d814ce-0cc8-4a8f-bf2f-26e4c2d8f4ea
https://services.vimuro.cloud/image/api/v1.0/systems/3e4dd7c5-cf37-4341-9291-31f49ed3ec04/collections/0f87bba4-83b8-428f-be6e-1cd6afa595dd/images/85e71710-2824-4bd5-999d-bfdcaf78c4d8.jpg;public/placeholder-covers/05;092f1e56-ce02-47b0-90ee-ec21ed629d64
https://services.vimuro.cloud/image/api/v1.0/systems/3e4dd7c5-cf37-4341-9291-31f49ed3ec04/collections/0f87bba4-83b8-428f-be6e-1cd6afa595dd/images/e95092be-7cc4-4d2b-bf7a-b1b920b36a3c.jpg;public/placeholder-covers/09;7b87ddbc-6446-4ee4-a1b0-8e4328f1827d
https://services.vimuro.cloud/image/api/v1.0/systems/3e4dd7c5-cf37-4341-9291-31f49ed3ec04/collections/0f87bba4-83b8-428f-be6e-1cd6afa595dd/images/eb99b273-0a6f-481b-8104-9cc32c387d14.jpg;public/placeholder-covers/08;6a34b1af-c569-4b75-b6f3-fce24cb2433e
https://services.vimuro.cloud/image/api/v1.0/systems/3e4dd7c5-cf37-4341-9291-31f49ed3ec04/collections/0f87bba4-83b8-428f-be6e-1cd6afa595dd/images/7c7e7b9a-57ac-4bd0-999f-e55f4012756f.jpg;public/placeholder-covers/06;e67c1ef6-d96c-4e40-99df-6110894177c1
https://services.vimuro.cloud/image/api/v1.0/systems/3e4dd7c5-cf37-4341-9291-31f49ed3ec04/collections/0f87bba4-83b8-428f-be6e-1cd6afa595dd/images/31a2801f-dcfa-4d12-a6ef-07eece03f5ff.jpg;public/placeholder-covers/10;80020ff0-f7eb-432f-89fc-3ae3a27f545b
https://services.vimuro.cloud/image/api/v1.0/systems/3e4dd7c5-cf37-4341-9291-31f49ed3ec04/collections/0f87bba4-83b8-428f-be6e-1cd6afa595dd/images/8060711e-0e4a-48ec-90c7-a85141f4274a.jpg;public/placeholder-covers/07;23255411-168e-4896-af66-eb1b5201e845
https://services.vimuro.cloud/image/api/v1.0/systems/3e4dd7c5-cf37-4341-9291-31f49ed3ec04/collections/0f87bba4-83b8-428f-be6e-1cd6afa595dd/images/d783b228-5b40-491f-ab26-877dafc7eb49.jpg;public/placeholder-covers/02;84e8bfbd-b941-461a-8073-f4e1c9d49efd
https://services.vimuro.cloud/image/api/v1.0/systems/3e4dd7c5-cf37-4341-9291-31f49ed3ec04/collections/0f87bba4-83b8-428f-be6e-1cd6afa595dd/images/5f2f2e86-1cb2-483b-93a0-2dd7099a9752.jpg;public/placeholder-covers/03;3398f23c-9aa9-4e77-95d5-afbd01ca0731
https://services.vimuro.cloud/image/api/v1.0/systems/3e4dd7c5-cf37-4341-9291-31f49ed3ec04/collections/0f87bba4-83b8-428f-be6e-1cd6afa595dd/images/1063e32b-172d-4b01-a800-2be7a3edd187.jpg;public/placeholder-covers/04;95decc33-5ca3-465d-acee-ee484c2648bb
https://services.vimuro.cloud/image/api/v1.0/systems/3e4dd7c5-cf37-4341-9291-31f49ed3ec04/collections/0f87bba4-83b8-428f-be6e-1cd6afa595dd/images/76b4330c-4eff-4384-97a4-1a61eb22b012.jpg;public/placeholder-covers/01;ef70c9f6-68a8-43b1-ac46-8fd0f9c8b222
